Alabama[edit]
Auburn (Auburn University, Edward Via College of Osteopathic Medicine)[7]
Birmingham (University of Alabama at Birmingham, Birmingham School of Law, Cumberland School of Law, Miles Law School)[8]
Dothan (Fortis College, Troy University Dothan Campus, Alabama College of Osteopathic Medicine)
Florence (University of North Alabama)
Homewood (Samford University)
Huntsville (University of Alabama, Huntsville)
Jacksonville (Jacksonville State University)[9]
Livingston (University of West Alabama)[9]
Mobile (University of South Alabama)[8]
Montevallo (University of Montevallo, Faulkner University)[9]
Montgomery (Alabama State University, Huntingdon College, Auburn University at Montgomery, H. Councill Trenholm State Technical College, Faulkner University)
Troy (Troy University)[9][10]
Tuscaloosa (University of Alabama, Stillman College, Shelton State)[11][12]
Tuskegee (Tuskegee University)[13]
Alaska[edit]
Anchorage[14] (University of Alaska Anchorage)
Fairbanks (University of Alaska Fairbanks)[9]
Juneau (University of Alaska Southeast)
Ketchikan (University of Alaska Southeast-extended campus)
Sitka (University of Alaska Southeast-extended campus)
Arizona[edit]
Chandler[14] (Western International University, University of Phoenix, International Baptist College, Ottawa University (adult education programs), Chandler University)
Flagstaff (Northern Arizona University)[15]
Gilbert[14]
Glendale[14] (Thunderbird School of Global Management at ASU, Midwestern University Glendale campus)
Lake Havasu City (ASU Colleges at Lake Havasu City, Northern Arizona University extended campus)
Mesa[14] (Arizona State University Polytechnic campus, Benedictine University branch campus, Upper Iowa University branch campus, A.T. Still University School of Osteopathic Medicine in Arizona)
Peoria[14] (Trine University branch campus)
Phoenix[14] (Arizona State University, University of Phoenix, University of Arizona College of Medicine, small satellite campus for Northern Arizona University, Grand Canyon University, Arizona Summit Law School, Arizona Christian University)
Prescott (Embry–Riddle Aeronautical University, Yavapai College, Prescott College, Northern Arizona University, Old Dominion University)
Scottsdale[14] (University of Phoenix)
Tempe (Arizona State University, University of Phoenix, Brookline College, Bryan University)[10]
Tucson (University of Arizona, Tucson College, Brown Mackie College, Brookline College, University of Phoenix, The Art Institute of Tucson, Prescott College branch campus,Northern Arizona University branch campus,The Art Center Design College, Wayland Baptist University)
Arkansas[edit]
Arkadelphia (Henderson State University, Ouachita Baptist University)[9]
Conway (Central Baptist College, Hendrix College, University of Central Arkansas)[9]
Fayetteville (University of Arkansas)[16]
Fort Smith (University of Arkansas at Fort Smith, Webster University satellite campus, John Brown University satellite campus, Arkansas College of Osteopathic Medicine)
Jonesboro (Arkansas State University)[17]
Little Rock[14] (University of Arkansas at Little Rock, University of Arkansas for Medical Sciences, Philander Smith College, Arkansas Baptist College)
Magnolia (Southern Arkansas University)[9]
Monticello (University of Arkansas at Monticello)[9]
Russellville (Arkansas Tech University)[9]
Searcy (Harding University)[13]
California[edit]
Acton (Larry H. Layton School of Law)
Alhambra (Platt College, Alhambra branch of Everest College, Los Angeles Campus of Alliant International University, University of Southern California's Health Sciences Alhambra campus)
Anaheim (Anaheim University, California Institute of Technology (SCIT), Bristol University)
Angwin (Pacific Union College)[9]
Antioch[14]
Arcata (Humboldt State University)[13]
Arden-Arcade[14]
Azusa
Bakersfield[14] (California State University, Bakersfield; University of LaVerne, Fresno Pacific University, and Point Loma Nazarene University branch campuses, San Joaquin Valley College, Santa Barbara Business College)
Berkeley (University of California, Berkeley)[13]
Burbank (Woodbury University)
Camarillo (California State University Channel Islands)
Carson (California State University, Dominguez Hills)
Cerritos (Cerritos College, Fremont College, Irvine University College of Law)
Chico (California State University, Chico, Cal Northern School of Law)[9]
Chino Hills (Biola University (Satellite Campus))
Chula Vista (Southwestern College)
Claremont (Claremont McKenna College, Pomona College, Harvey Mudd College, Scripps College, Pitzer College, Keck Graduate Institute, Claremont Graduate University)[13]
Clovis[14] (San Joaquin College of Law)
Compton (El Camino College)
Concord[14] (California State University, East Bay satellite campus)
Corona
Costa Mesa (Orange Coast College, Vanguard University, Whittier Law School (a satellite of Whittier College) and National University satellite campus)
Cotati (California State University, Sonoma)[9]
Daly City
Davis (University of California, Davis)[7]
Downey
East Los Angeles
El Cajon (Cuyamaca College, Grossmont College, San Diego Christian College)
El Monte
Elk Grove[14] (California Northstate University College of Pharmacy)
Escondido
Fairfield[14] (Solano Community College, satellite campuses of University of Phoenix, Brandman University, InterCoast Colleges, and Embry Riddle Aeronautical University (at Travis AFB))
Fontana
Fremont[14] (University of Silicon Valley Law School)
Fresno[14] (Alliant International University, California Christian College, California State University, Fresno, Fresno Pacific University, Kaplan College Fresno campus, National University Fresno campus, University of California, San Francisco – Fresno Medical Education Program, University of California, Merced, University of Phoenix)
Fullerton (California State University, Fullerton, Western State College of Law at Argosy University, Hope International University, Marshall B. Ketchum University)
Garden Grove
Glendale (Glendale University College of Law)
Hawthorne (Los Angeles Southwest College, El Camino College)
Hayward[14] (California State University, East Bay)
Huntington Beach (Golden West College)
Indio (California Desert Trial Academy College of Law)
Inglewood (University of West Los Angeles)
Irvine (University of California, Irvine, Western State College of Law at Argosy University)
Isla Vista (University of California, Santa Barbara)[9]
Lancaster (University of Antelope Valley, Antelope Valley College, satellite campus of California State University, Bakersfield, Charter College)
La Mesa (McMillan Academy of Law)
La Verne (University of La Verne)
Loma Linda (Loma Linda University)
Long Beach (California State University, Long Beach, Pacific Coast University School of Law)[10]
Los Angeles (California State University, Los Angeles, California State University, Northridge, University of California, Los Angeles)[18]
Chatsworth (University of West Los Angeles)
Downtown Los Angeles (Peoples College of Law)
Mid-Wilshire (Southwestern University School of Law)
Pico-Union (Loyola Law School)
University Park (University of Southern California)
Westchester (Loyola Marymount University)
Malibu (Pepperdine University)[10]
Merced (University of California, Merced)
Modesto[14] (Humphreys College)
Moreno Valley (Chapman University, Moreno Valley College)
Murrieta[19] (University of Phoenix learning center, Azusa Pacific University satellite campus)
Norwalk (Cerritos College)
Oakland[14] (Lincoln University)
Oceanside (Mira Costa College)
Ontario (University of La Verne College of Law)
Orange (Chapman University, Pacific West College of Law)
Oxnard[20] (Oxnard College; California Lutheran University, California State University, Northridge, ITT, University of Phoenix, University of California, Santa Barbara, National University and Azusa Pacific University have satellite campuses )
Palmdale (Chapman University satellite campus, University of Antelope Valley, University of La Verne satellite campus)
Palo Alto (Stanford University)
Pasadena (California Institute of Technology, Pasadena City College, Pacific Oaks College)[21]
Pleasant Hill (John F. Kennedy University)
Pomona (Cal Poly Pomona, Western University of Health Sciences)[22][23][24] and formerly Pomona College
Rancho Cucamonga (Chaffey College and satellite campuses of the University of La Verne, Cambridge College, University of Redlands, Everest College, and University of Phoenix)
Redding[14] (Simpson University, National University, Shasta Bible College and Graduate School, California State University, Chico branch campus)
Redlands (University of Redlands)
Rialto
Richmond[14]
Ridgecrest (Pinnacles School of Law)
Riverside (University of California, Riverside, California Baptist University, La Sierra University, California Southern Law School)
Rocklin (Sierra College, William Jessup University)
Roseville[14] (Brandman University extension campus )
Sacramento :
East Sacramento (California State University, Sacramento, Lincoln Law School of Sacramento)
Oak Park (University of the Pacific, McGeorge School of Law)
Salinas[14] (Hartnell College)
San Bernardino (California State University, San Bernardino, American Sports University)
San Diego (University of California, San Diego, San Diego State University, California Western School of Law, Thomas Jefferson School of Law, University of San Diego, Western Sierra Law School)
San Francisco (University of California, San Francisco, San Francisco State University, California State University, University of San Francisco, Golden Gate University, University of the Pacific Arthur A. Dugoni School of Dentistry, San Francisco Law School, University of California, Hastings College of the Law)[25]
San Jose[14] (Lincoln Law School of San Jose)
San Luis Obispo (California Polytechnic State University, University of San Luis Obispo School of Law)[9]
San Marcos (California State University San Marcos, University of St. Augustine for Health Sciences)
Santa Ana (Trinity Law School)
Santa Barbara (Fielding Graduate University, Santa Barbara City College, University of California, Santa Barbara, Westmont College, Santa Barbara College of Law, Southern California Institute of Law)[9]
Santa Clara[14] (Santa Clara University)
Santa Clarita (California Institute of the Arts, The Master's College, College of the Canyons)
Santa Cruz (University of California, Santa Cruz)[9]
Santa Monica (Santa Monica College)
Santa Rosa[14] (Empire College)
Seaside (Monterey College of Law)
Simi Valley
Stanford (Stanford University)[26]
Stockton[14] (University of the Pacific, Humphreys College-main campus)
Sunnyvale[14]
Temecula
Torrance
Thousand Oaks (California Lutheran University)
Turlock (California State University, Stanislaus)
Vallejo[14] (Touro University California College of Osteopathic Medicine)
Ventura[27] (Santa Barbara College of Law, Southern California Institute of Law)
Victorville
Visalia[14] (Fresno State branch campus, Chapman University branch campus, Fresno Pacific University branch campus, Brandman University branch campus, San Joaquin Valley College)
Westminster
West Covina
Whittier (Whittier College, Rio Hondo College)
Colorado[edit]
Alamosa (Adams State College)[9]
Aurora (Columbia College–Aurora, Ecotech Institute, University of Colorado Denver at the Anschutz Medical Campus, Colorado Community College System)
Boulder (University of Colorado at Boulder, Naropa University)[28]
Colorado Springs (University of Colorado Colorado Springs, Colorado College, Colorado Technical University)
Denver (University of Colorado Denver, Metropolitan State University of Denver, University of Denver, Johnson & Wales University, Regis University)[29]
Durango (Fort Lewis College)[9]
Fort Collins (Colorado State University)[30]
Golden (Colorado School of Mines)
Grand Junction (Colorado Mesa University)
Greeley (University of Northern Colorado)
Gunnison (Western State College)[9]
Lakewood (Colorado Christian University)
Pueblo (Colorado State University–Pueblo)
Connecticut[edit]
Bridgeport (St. Vincent's College, University of Bridgeport)
Danbury (Western Connecticut State University)
East Hartford (Goodwin College)
Fairfield (Fairfield University, Sacred Heart University)[31]
Farmington (UConn Health)
Hamden (Quinnipiac University)
Hartford (Rensselaer at Hartford, Trinity College, University of Connecticut School of Law)
Middletown (Wesleyan University)
New Britain (Central Connecticut State University)
New Haven (Yale University, University of New Haven, Southern Connecticut State University, Albertus Magnus College, Quinnipiac University)[32]
New London (Connecticut College, US Coast Guard Academy, Mitchell College)[9]
Southington (New England Baptist College)
Stamford (University of Connecticut, University of Bridgeport and Sacred Heart University branch campuses)
Storrs (University of Connecticut)[9]
Waterbury (Post University, University of Bridgeport (Regional Campus), University of Connecticut (Regional Campus / Downtown Waterbury), Western Connecticut State University (Regional Campus))
Willimantic (Eastern Connecticut State University)[9]
West Hartford (University of Hartford, University of Saint Joseph, University of Connecticut Greater Hartford campus)
West Haven (University of New Haven)[31]
Delaware[edit]
Dover (Delaware State University, Wesley College)[7]
Newark (University of Delaware)[7]
New Castle (Wilmington University)
Wilmington (Delaware College of Art & Design, Drexel University – Wilmington Campus, Springfield College – Wilmington Campus, Widener University–Delaware Campus)
District of Columbia[edit]
Washington, D.C. (Georgetown University, Howard University, American University, the Catholic University of America, Gallaudet University, George Washington University, Johns Hopkins University School of Advanced International Studies, Trinity Washington University, University of the District of Columbia, Graduate School USA, St. Paul's College, Institute of World Politics)[33]
Florida[edit]
Ave Maria (Ave Maria University)
Boca Raton (Florida Atlantic University)
Bradenton (Lake Erie College of Osteopathic Medicine branch campus)
Brandon
Cape Coral (Florida Gulf Coast University satellite facility)
Coral Gables (University of Miami)
Coral Springs (Barry University, Nova Southeastern University and Broward College)
Davie (Nova Southeastern University)
Daytona Beach (Embry–Riddle Aeronautical University)
DeLand (Stetson University)[13]
Estero (Florida Gulf Coast University)
Fort Lauderdale (Broward College BC (Willis Holcombe Downtown Center), City College, Florida Atlantic University FAU (satellite campus), Florida International University FIU (satellite campus), Keiser University, Nova Southeastern University NSU (satellite campus), The Art Institute of Fort Lauderdale, University of Phoenix (Cypress Creek Learning Center), Jersey College)
Fort Myers (Florida Gulf Coast University)
Gainesville (University of Florida, Santa Fe College)[10]
Gulfport (Stetson University College of Law, St. Petersburg College, University of South Florida branch campus)
Hialeah (College of Business and Technology, Florida National University)
Hollywood
Jacksonville (University of North Florida, Jacksonville University, Florida State College at Jacksonville, University of Florida second campus, Florida Coastal School of Law and Jones College)
Kendall (Keiser College, Miami-Dade College (Kendall Campus), Nova Southeastern University (Miami Student Educational Center), College of Business and Technology (Kendall Campus))
Lakeland (Florida Polytechnic University)
Miami (Florida International University)
Miami Gardens (St. Thomas University, Florida Memorial University, CBT College)
Miramar (Broward College (Miramar Town Center), Broward College (Miramar West Center), Florida International University (FIU) (Miramar West Center), Nova Southeastern University (Miramar Campus))
Panama City (Gulf Coast State College)[10]
Pembroke Pines (The Broward-Pines Center regional campus of Barry University, The Broward-Pines Center regional campus of Broward College,The Broward-Pines Center regional campus of Florida International University,The South regional campus of Broward College, Keiser University Pembroke Pines Campus)
Pensacola (University of West Florida)
Port St. Lucie (Indian River State College, Barry University, and Keiser University)
Orlando (University of Central Florida)
Sarasota (New College of Florida, Ringling College of Art and Design, State College of Florida, Manatee-Sarasota, University of South Florida Sarasota-Manatee)
St. Augustine (Flagler College)[10]
St. Leo (St. Leo University)
St. Petersburg (University of South Florida St. Petersburg, Eckerd College, St. Petersburg College)
Sunrise
Tallahassee (Florida State University, Florida A&M University)
Tampa (University of South Florida)
West Palm Beach (Palm Beach Atlantic University, Keiser University)
Georgia[edit]
Albany (Albany State University)
Athens (University of Georgia, Athens Technical College)[34]
Atlanta (Georgia Tech, Clark Atlanta University, Morehouse College, Art Institute of Atlanta, Mercer University):[9]
Downtown (Georgia State University)
Druid Hills (Emory University)
Midtown (John Marshall Law School)
Augusta (Augusta Technical College, Augusta University, Paine College, East Georgia State College)
Blue Ridge (University of North Georgia)
Brunswick (College of Coastal Georgia)[10]
Carrollton (University of West Georgia)[9]
Columbus (Columbus State University, Columbus Technical College)
Cumming (University of North Georgia)
Dahlonega (North Georgia College & State University)[9]
Demorest (Piedmont College)[9]
Fort Valley (Fort Valley State University)[9]
Gainesville (University of North Georgia Gainesville Campus, Brenau University)
Glennville (Southeastern Technical College)
Kennesaw (Kennesaw State University)
Macon (Mercer University, Middle Georgia State University, Wesleyan College, Central Georgia Technical College, Fort Valley State University - satellite campus, Georgia College & State University - satellite campus)
Milledgeville (Georgia College & State University, Georgia Military College)[9]
Monroe
Mount Vernon (Brewton-Parker College)[9]
Oxford (Oxford College)
Rome (Berry College, Shorter University)
Savannah (Armstrong Atlantic State University, Savannah State University, Savannah College of Art and Design, Savannah Law School)[10]
Statesboro (Georgia Southern University, East Georgia State College)[13]
Swainsboro (East Georgia State College, Southeastern Technical College)
Valdosta (Valdosta State University)[9]
Vidalia (Southeastern Technical College)
Waleska (Reinhardt College)[9]
Watkinsville (University of North Georgia)
Young Harris (Young Harris College)[9]
Hawaii[edit]
Honolulu (University of Hawaii at Manoa)[9]
Laie (Brigham Young University-Hawai'i)
Idaho[edit]
Boise (Boise State University, University of Idaho - satellite campus, Idaho State University - satellite campus, Concordia University School of Law)
Caldwell (College of Idaho)
Lewiston (Lewis-Clark State College)
Moscow (University of Idaho)[9]
Nampa (Northwest Nazarene University)
Pocatello (Idaho State University)[9]
Rexburg (BYU-Idaho)[9]
Illinois[edit]
Alton (Southern Illinois University School of Dental Medicine)
Aurora
Carbondale (Southern Illinois University Carbondale)[13]
Champaign–Urbana (University of Illinois)[13]
Charleston (Eastern Illinois University)[9]
Chicago :
North Park (Northeastern Illinois University)
Roseland (Chicago State University)
University Village/Little Italy (University of Illinois at Chicago)
Deerfield (Trinity International University)
DeKalb (Northern Illinois University)[9]
Downers Grove (Midwestern University)
Edwardsville (Southern Illinois University Edwardsville)[9]
Elgin (Judson University)
Evanston (Northwestern University)[9]
Joliet (University of St. Francis)
Lebanon (McKendree University)[9]
Macomb (Western Illinois University)[9]
Naperville (North Central College, Northern Illinois University satellite campus, DePaul University satellite campus, College of DuPage Naperville Regional Center, Governors State University satellite campus, Northwestern College Naperville campus, University of Illinois at Urbana–Champaign Business & Industry Services campus)
Normal (Illinois State University)[9]
Peoria (Bradley University)
Rock Island (Augustana College)
Rockford (Rockford University)
Springfield (University of Illinois at Springfield)
University Park (Governors State University)
Indiana[edit]
Angola (Trine University)
Bloomington (Indiana University Bloomington)[13]
Columbus (Indiana University – Purdue University Columbus)
Crawfordsville (Wabash College)
Fort Wayne (Indiana University – Purdue University Fort Wayne)
Gary (Indiana University Northwest)
Greencastle (DePauw University)[13]
Hanover (Hanover College)[9]
Indianapolis (Indiana University – Purdue University Indianapolis)
Kokomo (Indiana University Kokomo)
Marion (Indiana Wesleyan University)[9]
Muncie (Ball State University)[9]
New Albany (Indiana University Southeast)
Notre Dame (University of Notre Dame, Saint Mary's College, and Holy Cross College)
Oakland City (Oakland City University)[9]
Richmond (Earlham College, Indiana University East)[9]
South Bend (Notre Dame University,[9] Indiana University South Bend)[10]
Terre Haute (Indiana State University, Rose-Hulman Institute of Technology)[9]
Upland (Taylor University)[9]
Valparaiso (Valparaiso University)
West Lafayette (Purdue University)[9]
Iowa[edit]
Ames (Iowa State University)[9]
Bettendorf (Upper Iowa University – satellite campus)
Cedar Falls (University of Northern Iowa)[9]
Cedar Rapids (Coe College)
Davenport (Saint Ambrose University, Hamilton Technical College)
Decorah (Luther College)[13]
Des Moines (Drake University, Grand View University, Mercy College of Health Sciences, University of Iowa two satellite facilities, AIB College of Business, Des Moines University)
Fayette (Upper Iowa University)[9]
Grinnell (Grinnell College)[34]
Indianola (Simpson College)
Iowa City (University of Iowa)[34]
Lamoni (Graceland University)[9]
Moline (Western Illinois University-Quad Cities)
Mount Vernon (Cornell College)
Orange City (Northwestern College)[9]
Oskaloosa (William Penn University)
Sioux Center (Dordt College)[9]
Storm Lake (Buena Vista University)[9]
Waverly (Wartburg College)[9]
Kansas[edit]
Baldwin City (Baker University)[13]
Emporia (Emporia State University)[9]
Hays (Fort Hays State University)[9]
Kansas City (Donnelly College, Kansas Christian College, University of Kansas Medical Center (home of KU's Schools of Medicine, Nursing and Allied Health))
Lawrence (University of Kansas, Haskell Indian Nations University)[34]
Manhattan (Kansas State University, Manhattan Christian College)[34]
Olathe (MidAmerica Nazarene University)
Overland Park (Ottawa University adult campus, University of Kansas-Edwards Campus, Baker University Overland Park Campus, Emporia State University - Overland Park Campus (Metro Learning Center), Kansas Christian College, Rasmussen College)
Pittsburg (Pittsburg State University)[9]
Topeka (Washburn University, Friends University, Washburn Institute of Technology (Formerly Kaw Area Technical School), Baker University School of Nursing)
Wichita (Wichita State University (WSU), Friends University - main campus, Newman University, University of Kansas School of Medicine - Wichita campus)
Kentucky[edit]
Barbourville (Union College)
Berea (Berea College)
Bowling Green (Western Kentucky University)
Campbellsville (Campbellsville University)
Columbia (Lindsey Wilson College)[9]
Crestview Hills (Thomas More College)
Danville (Centre College, Bluegrass Community and Technical College, Eastern Kentucky University, Midway University, American National University)
Frankfort (Kentucky State University)
Georgetown (Georgetown College)
Grayson (Kentucky Christian University)
Highland Heights (Northern Kentucky University)[31]
Lexington (University of Kentucky, Transylvania University)
Louisville (University of Louisville, Bellarmine University, Simmons College of Kentucky, Spalding University, Sullivan University)
Midway (Midway University)
Morehead (Morehead State University)[9]
Murray (Murray State University)[13]
Owensboro (Brescia University, Kentucky Wesleyan College, Western Kentucky University-Owensboro)[9]
Pikeville (University of Pikeville)
Richmond (Eastern Kentucky University)[9]
Williamsburg (University of the Cumberlands)[9]
Wilmore (Asbury University, Asbury Theological Seminary)[9]
Louisiana[edit]
Baton Rouge (Louisiana State University, Southern University and A&M College, Southern University Law Center)
Grambling (Grambling State University)[13]
Hammond (Southeastern Louisiana University)[9]
Lafayette (University of Louisiana at Lafayette)
Metairie
Monroe (University of Louisiana at Monroe)[9]
Natchitoches (Northwestern State University)[9]
New Orleans (Tulane University, Loyola University New Orleans, University of New Orleans, Xavier University of Louisiana, Southern University at New Orleans, Dillard University, Louisiana State University Health Sciences Center New Orleans, Our Lady of Holy Cross College, Delgado Community College, William Carey College School of Nursing, Herzing College)[35]
Ruston (Louisiana Tech University)[9]
Shreveport (Southern University at Shreveport)
Thibodaux (Nicholls State University)[9]
Maine[edit]
Augusta (University of Maine at Augusta)[9]
Bangor (University of Maine)
Bar Harbor (College of the Atlantic)
Biddeford (University of New England)
Brunswick (Bowdoin College)
Farmington (University of Maine at Farmington)[9]
Fort Kent (University of Maine at Fort Kent)
Gorham (University of Southern Maine)[9]
Lewiston (Bates College)
Machias (University of Maine at Machias)
Orono (University of Maine)[9]
Portland (Maine College of Art, University of Maine School of Law, University of New England (formerly Westbrook College), University of Southern Maine)
Presque Isle (University of Maine at Presque Isle)
Waterville (Thomas College, Colby College)
Maryland[edit]
Annapolis (United States Naval Academy, St. John's College)
Baltimore (Johns Hopkins University, Baltimore International College, Loyola University Maryland, Maryland Institute College of Art, Notre Dame of Maryland University, Sojourner–Douglass College, Coppin State University, Morgan State University, University of Baltimore, University of Maryland, Baltimore)[36]
Chestertown (Washington College)[9]
College Park (University of Maryland, College Park)[37]
Columbia (University of Phoenix, Lincoln College of Technology, Loyola University Maryland, University of Maryland, Baltimore County, Maryland University of Integrative Health, and Johns Hopkins University)
Cumberland (Allegany College of Maryland)
Emmitsburg (Mount St. Mary's University)[9]
Frostburg (Frostburg State University)[13]
Germantown (Montgomery College branch campus)
Princess Anne (University of Maryland Eastern Shore)[13]
Salisbury (Salisbury University)[9]
Silver Spring (Montgomery College Takoma Park/Silver Spring campus, Howard University School of Continuing Education)
Takoma Park (Washington Adventist University, Montgomery College (Takoma Park/Silver Spring Campus))
Towson (Towson University, Goucher College)[9]
Westminster (McDaniel College)
Massachusetts[edit]
Boston (Boston University, Boston College, Boston Conservatory, New England Conservatory, Brandeis University, Northeastern University, UMass Boston, Emmanuel College, Bunker Hill Community College, Roxbury Community College, Suffolk University, Simmons College, among many others)
Bridgewater (Bridgewater State College)[9]
Brookline (Pine Manor College, Hellenic College, Newbury College, parts of Boston University, parts of Boston Collegepart of the Wheelock College campus, Northeastern University's Parsons Field, Boston Graduate School of Psychoanalysis)
Cambridge (Harvard University, Massachusetts Institute of Technology, Lesley University, Cambridge College, Longy School of Music)[34]
Chestnut Hill (Boston College)
The Colleges of Worcester Consortium:
Dudley (Nichols College)
North Grafton (Cummings School of Veterinary Medicine at Tufts University)
Paxton (Anna Maria College)
Worcester (Assumption, Becker, Clark University, Holy Cross, Mass. College of Pharmacy & Health Sciences, Quinsigamond Community College, UMass Medical School, Worcester State University, Worcester Polytechnic Institute)
Dartmouth (University of Massachusetts Dartmouth)
The Five College Region of Western Massachusetts:
Amherst (Amherst College, Hampshire College, University of Massachusetts Amherst)[34]
Northampton (Smith College)
South Hadley (Mount Holyoke College)
Fitchburg (Fitchburg State College)
Framingham (Framingham State University)
Quincy (Eastern Nazarene College)
Lowell (University of Massachusetts Lowell)
Medford (Tufts University)
Newton (Boston College, Boston College Law School, Hebrew College, Mount Ida College, Lasell College, William James College, formerly Massachusetts School of Professional Psychology)
North Adams (Massachusetts College of Liberal Arts)
Somerville (Tufts University parts of the main campus)
Springfield (American International College, Springfield College, Western New England College)
Waltham (Bentley University, Brandeis University)
Wellesley (Wellesley College)[10]
Westfield (Westfield State University)[31]
Williamstown (Williams College)
Michigan[edit]
Adrian (Adrian College, Siena Heights University)
Albion (Albion College)[38]
Allendale (Grand Valley State University)
Alma (Alma College)
Ann Arbor (Concordia University, Cleary University, University of Michigan)[7]
Berrien Springs (Andrews University)[9]
Big Rapids (Ferris State University)[9]
Dearborn (University of Michigan–Dearborn, Henry Ford College, Concordia University Dearborn Center, Central Michigan University)
Detroit :
Boston–Edison Historic District (Sacred Heart Major Seminary)
Downtown (University of Detroit Mercy School of Law)
Fitzgerald (Marygrove College)
Midtown (Wayne State University)
University District (University of Detroit Mercy)
East Lansing (Michigan State University)[9]
Flint (Kettering University, University of Michigan-Flint)
Genoa Township (Cleary University main campus)
Grand Rapids (Aquinas College, Calvin College, Cornerstone University, Kuyper College, Thomas M. Cooley Law School satellite campus, Northwood University satellite campus, Grand Valley State University satellite campus, Ferris State University, Western Michigan University satellite campus, Grand Rapids Campus of the Michigan State University College of Human Medicine)
Hillsdale (Hillsdale College)
Holland (Hope College)
Houghton (Michigan Technological University)[13]
Kalamazoo (Western Michigan University, Kalamazoo College)[9]
Lansing (Western Michigan University Cooley Law School)
Marquette (Northern Michigan University)[9]
Midland (Northwood University)
Mount Pleasant (Central Michigan University)[9]
Olivet (Olivet College)[9]
Saginaw (Saginaw Valley State University)
Sault Ste. Marie (Lake Superior State University)
Spring Arbor (Spring Arbor University)[9]
Sterling Heights
Ypsilanti (Eastern Michigan University)[9]
Warren (Davenport University satellite campus, Warren Center for Central Michigan University, Wayne State University's Advanced Technology Education Center)
Minnesota[edit]
Bemidji (Bemidji State University)[9]
Crookston (University of Minnesota Crookston)[9]
Duluth (University of Minnesota Duluth, Lake Superior College, The College of St. Scholastica, University of Wisconsin–Superior, Duluth Business University)[10]
Faribault (South Central College)
Mankato (Minnesota State University, Mankato[9])
Marshall (Southwest Minnesota State University)[9]
Minneapolis (University of Minnesota, Augsburg University, Minneapolis College of Art and Design, North Central University, Minneapolis Community and Technical College, Dunwoody College of Technology, Globe University/Minnesota School of Business, St. Mary's University of Minnesota, Capella University, Walden University, Metropolitan State University, University of St. Thomas)[39]
Moorhead (Minnesota State University, Moorhead, Concordia College)[40]
Morris (University of Minnesota Morris)[9]
Northfield (Carleton College, St. Olaf College)[13]
North Mankato (South Central College)
Rochester (Mayo Medical School)
St. Cloud (St. Cloud State University, The College of St. Scholastica)[9]
St. Joseph (College of Saint Benedict)[9]
Saint Paul (Saint Catherine University, Concordia University, Hamline University, Macalester College, University of St. Thomas, Metropolitan State University, Saint Paul College, Mitchell Hamline School of Law)
St. Peter (Gustavus Adolphus College)[9]
Winona (Winona State University, St. Mary's University of Minnesota)[41]
Mississippi[edit]
Blue Mountain (Blue Mountain College)
Cleveland (Delta State University)[9]
Clinton (Mississippi College)
Columbus (Mississippi University for Women)[10]
Hattiesburg (University of Southern Mississippi)[42]
Holly Springs (Rust College)
Itta Bena (Mississippi Valley State University)[9]
Jackson (Jackson State University, Millsaps College, Belhaven University, Mississippi College School of Law)
Laurel (Southeastern Baptist College)
Oxford (University of Mississippi)[9]
Southaven (University of Mississippi, Northwest Mississippi Community College)
Starkville (Mississippi State University)[9]
Tougaloo (Tougaloo College)
Missouri[edit]
Bolivar (Southwest Baptist University)[9]
Cape Girardeau (Southeast Missouri State University)[9]
Columbia (University of Missouri, Stephens College, Columbia College)[42]
Fayette (Central Methodist University)[9]
Fulton (Westminster College, William Woods University)
Kirksville (Truman State University, A. T. Still University)[9]
Maryville (Northwest Missouri State University)[9]
Rolla (Missouri University of Science and Technology)[9]
Warrensburg (University of Central Missouri)[13]
Montana[edit]
Billings (Montana State University Billings, Rocky Mountain College, Yellowstone Baptist College)
Bozeman (Montana State University)[9]
Butte (Montana Tech)
Dillon (University of Montana Western)[9]
Great Falls (University of Great Falls, Great Falls College Montana State University)
Havre (Montana State University–Northern)
Helena (Carroll College, Helena College University of Montana)
Missoula (University of Montana)[13]
Nebraska[edit]
Bellevue (Bellevue University)
Chadron (Chadron State College)[13]
Crete (Doane College)[9]
Fremont (Midland University)
Hastings (Hastings College)
Kearney (University of Nebraska at Kearney)[9]
Lincoln (University of Nebraska at Lincoln, Nebraska Wesleyan University, Bryan College of Health Sciences)[13]
Omaha (Creighton University, Clarkson College, College of Saint Mary, Grace University, Nebraska Methodist College)
Peru (Peru State College)[9]
Seward (Concordia University)[9]
Wayne (Wayne State College)[9]
York, Nebraska (York College)
Nevada[edit]
Henderson (Nevada State College, National University, Roseman University of Health Sciences, Touro University Nevada)
Incline Village (Sierra Nevada College)
Las Vegas (University of Nevada, Las Vegas)
North Las Vegas (Cheyenne Campus of the College of Southern Nevada)
Reno (University of Nevada, Reno)
New Hampshire[edit]
Concord (NHTI, Concord's Community College, Granite State College, University of New Hampshire School of Law, Franklin Pierce University Doctorate of Physical Therapy program)
Durham (University of New Hampshire)[9]
Hanover (Dartmouth College)[13]
Henniker (New England College)
Keene (Keene State College)[9]
Manchester (University of New Hampshire at Manchester, Southern New Hampshire University, New Hampshire Institute of Art)
New London (Colby–Sawyer College)
Plymouth (Plymouth State University)[9]
Rindge (Franklin Pierce University)
New Jersey[edit]
Ewing (The College of New Jersey, Rider University)
Jersey City (New Jersey City University, Saint Peter's University)
Glassboro (Rowan University)[9]
Hoboken (Stevens Institute of Technology)
Madison (Drew University, Fairleigh Dickinson University, College of Saint Elizabeth)
Montclair (Montclair State University)[31]
Newark (Rutgers University, New Jersey Institute of Technology, UMDNJ)
New Brunswick (Rutgers University)[13]
Paterson
Princeton (Princeton University)[13]
Union (Kean University)
West Long Branch (Monmouth University)
New Mexico[edit]
Albuquerque (University of New Mexico, Southwest University of Visual Arts, Southwestern Indian Polytechnic Institute, Trinity Southwest University, University of St. Francis College of Nursing and Allied Health Department of Physician Assistant Studies, St. Norbert College Master of Theological Studies program; New Mexico State University, Highlands University, Lewis University, Wayland Baptist University, and Webster University; Brookline College, Pima Medical Institute, National American University, Grand Canyon University, the University of Phoenix and several barber/beauty colleges have established their presence in the area.)
Hobbs (University of the Southwest)[9]
Las Cruces (New Mexico State University)[9]
Las Vegas (New Mexico Highlands University)[9]
Portales (Eastern New Mexico University)[9]
Rio Rancho
Silver City (Western New Mexico University)[9]
Socorro (New Mexico Institute of Mining and Technology)[9]
New York[edit]
Albany (SUNY Albany, Siena College, Albany College of Pharmacy, Albany Law School, Albany Medical College, College of Saint Rose, Excelsior College, Maria College of Albany, Mildred Elley, Sage College of Albany)
Alfred (Alfred University, Alfred State College)[9]
Aurora (Wells College)[43]
Binghamton (Binghamton University)[9]
Brockport (SUNY Brockport)[13]
Buffalo (University at Buffalo, Buffalo State College, Canisius College, Daemen College, D'Youville College, Medaille College, Villa Maria College)
Canton (St. Lawrence University, SUNY Canton)[9]
Clinton (Hamilton College)[9]
Cortland (State University of New York at Cortland)[31]
Cobleskill (SUNY Cobleskill)[9]
Delhi (SUNY Delhi)[9]
Fredonia (SUNY Fredonia)[9]
Geneseo (SUNY Geneseo)[9]
Geneva (Hobart and William Smith Colleges)
Hamilton (Colgate University)[9]
Ithaca (Cornell University, Ithaca College)[7]
Newburgh (Mount Saint Mary College)
New Paltz (SUNY New Paltz)[9]
New Rochelle (Iona College)
New York City (Columbia University, Barnard College, Teachers College, Manhattan School of Music, Jewish Theological Seminary, Union Theological Seminary, Bank Street College of Education)
Oneonta (SUNY Oneonta, Hartwick College)[9]
Oswego (SUNY Oswego)[9]
Plattsburgh (SUNY Plattsburgh)[9]
Potsdam (SUNY Potsdam, Clarkson University)[9]
Poughkeepsie (Vassar College, Marist College)[9]
Purchase (Purchase College, Manhattanville College)[9]
Rochester (University of Rochester, Rochester Institute of Technology, Nazareth College, St. John Fisher College, Monroe Community College, Roberts Wesleyan College, SUNY Brockport, SUNY Empire State College)[9]
Saratoga Springs (Skidmore College)[9]
Seneca Falls (New York Chiropractic College)
Stony Brook (Stony Brook University)
Syracuse (Syracuse University, SUNY ESF, Upstate Medical University, Le Moyne College)[10]
Tivoli (Bard College)
Troy (Rensselaer Polytechnic Institute, Russell Sage College, Hudson Valley Community College)
Valhalla (New York Medical College)
West Point (United States Military Academy)
Yonkers (Sarah Lawrence College)
North Carolina[edit]
Asheville (Asheville-Buncombe Technical Community College,Black Mountain College,Shaw University,Lenoir-Rhyne University,University of North Carolina at Asheville,South College - Asheville)[10]
Banner Elk (Lees-McRae College)
Belmont (Belmont Abbey College)
Boiling Springs (Gardner-Webb University)[9]
Boone (Appalachian State University)[9]
Brevard (Brevard College)
Buies Creek (Campbell University)[9]
Cary
Chapel Hill (University of North Carolina at Chapel Hill)[42]
Charlotte (Johnson C. Smith University , Johnson & Wales University, Queens University of Charlotte, Charlotte School of Law)
Cullowhee (Western Carolina University)[9]
Davidson (Davidson College)[13]
Durham (Duke University, North Carolina Central University)[13][10]
Elizabeth City (Mid-Atlantic Christian University)
Elon (Elon University)[9]
Fayetteville (Methodist University)
Greensboro (University of North Carolina at Greensboro, Greensboro College, Guilford College, North Carolina A & T State University, Bennett College, Elon University School of Law)
Greenville (East Carolina University)[9]
Hickory (Lenoir-Rhyne University)[9]
High Point (High Point University)
Laurinburg (St. Andrews University)
Mars Hill (Mars Hill College)[9]
Misenheimer (Pfeiffer University)
Montreat (Montreat College)
Mount Olive (Mount Olive College)[9]
Murfreesboro (Chowan University)
Pembroke (University of North Carolina at Pembroke)[9]
Raleigh (North Carolina State University, Campbell University-Norman Adrian Wiggins School of Law, Meredith College, William Peace University, Shaw University, St. Augustine's University)[44]
Rocky Mount (North Carolina Wesleyan College)
Salisbury (Catawba College)
Wilmington (University of North Carolina at Wilmington)
Wilson (Barton College )
Wingate (Wingate University)[9]
Winston-Salem (Wake Forest University, University of North Carolina School of the Arts, Salem College, Winston-Salem State University)
North Dakota[edit]
Bismarck (University of Mary, Rasmussen College)
Dickinson (Dickinson State University)
Fargo (North Dakota State University)[40]
Grand Forks (University of North Dakota)[13]
Jamestown (University of Jamestown)
Mayville (Mayville State University)
Minot (Minot State University)
Valley City (Valley City State University)
Ohio[edit]
Ada (Ohio Northern University)[9]
Akron (University of Akron)
Alliance (University of Mount Union)
Ashland (Ashland University)[9]
Athens (Ohio University)[9]
Berea (Baldwin Wallace College)
Bluffton (Bluffton University)[9]
Bowling Green (Bowling Green State University)[9]
Cedarville (Cedarville University)[9]
Cincinnati (University of Cincinnati, Xavier University, Cincinnati Christian University, Chatfield College, Mount St. Joseph University)[45]
Cleveland:[46]
Downtown (Cleveland State University, Cuyahoga Community College)
Fairfax (Cleveland Clinic Lerner College of Medicine)
St. Clair-Superior (Ohio Technical College)
University Circle (Case Western Reserve University)
Columbus :
Downtown (Capital University Law School, Columbus College of Art and Design, Franklin University)
North Central neighborhood (Ohio Dominican University)
University District (Ohio State University)
Dayton (University of Dayton, Wright State University Boonshoft School of Medicine)[47]
Delaware (Ohio Wesleyan University)
Fairborn (Wright State University)
Findlay (University of Findlay)
Gambier (Kenyon College)[9]
Granville (Denison University)[9]
Hiram (Hiram College)[9]
Kent (Kent State University)[9]
Nelsonville (Hocking College)[9]
New Concord (Muskingum College)[9]
Oberlin (Oberlin College)[13]
Oxford (Miami University)[13]
Perrysburg Township (Owens Community College)
Rio Grande (University of Rio Grande)[9]
Springfield (Wittenberg University)
Tiffin (Tiffin University, Heidelberg University)
Toledo (University of Toledo, University of Toledo College of Medicine and Life Sciences, Davis College, Mercy College of Ohio)
Wilberforce (Wilberforce University, Central State University)[9]
Wooster (College of Wooster)
Yellow Springs (Antioch College, Antioch University Midwest)
Youngstown (Youngstown State University)
Oklahoma[edit]
Ada (East Central University)[9]
Alva (Northwestern Oklahoma State University)[9]
Bethany (Southern Nazarene University)
Durant (Southeastern Oklahoma State University)[9]
Edmond (University of Central Oklahoma, Oklahoma Christian University)[9]
Goodwell (Oklahoma Panhandle State University)[9]
Langston (Langston University)[13]
Lawton (Cameron University)[10]
Midwest City (Rose State College)
Norman (University of Oklahoma)[7]
Oklahoma City (Oklahoma City University, University of Oklahoma - OU Medicine and the University of Oklahoma Health Sciences Center campuses, Oklahoma State University–Oklahoma City)
Stillwater (Oklahoma State University)[13]
Tahlequah (Northeastern State University)[9]
Tulsa (University of Tulsa)
Weatherford (Southwestern Oklahoma State University)
Oregon[edit]
Ashland (Southern Oregon University)[9]
Corvallis (Oregon State University)[42]
Eugene (Lane Community College, Northwest Christian University, University of Oregon)[42]
Forest Grove (Pacific University)
Klamath Falls (Klamath Community College, Oregon Institute of Technology)
La Grande (Eastern Oregon University)[9]
Lebanon (Western University of Health Sciences Oregon Branch: College of Osteopathic Medicine of the Pacific, Northwest)
Marylhurst (Marylhurst University)
McMinnville (Linfield College)
Monmouth (Western Oregon University)[9]
Newberg (George Fox University)
Portland (Portland State University, Oregon Health & Science University, Portland Community College, University of Portland, Lewis & Clark College ....)
Salem (Chemeketa Community College, Corban University, Tokyo International University of America, Willamette University)
Pennsylvania[edit]
Allentown (Cedar Crest College, Muhlenberg College, a satellite campus of Lehigh Carbon Community College (LCCC))
Altoona (Penn State Altoona)
Annville (Lebanon Valley College)[9]
Bethlehem (Lehigh University, Moravian College)
Bloomsburg (Bloomsburg University of Pennsylvania)[9]
Bradford (University of Pittsburgh at Bradford)
California (California University of Pennsylvania)[9]
Carlisle (Dickinson College, Penn State Dickinson School of Law)
Center Township, Beaver County (Penn State Beaver)
Center Valley (DeSales University, Penn State Lehigh Valley, Strayer University (Allentown campus))
Chambersburg (Wilson College)
Clarion (Clarion University of Pennsylvania)[9]
Collegeville (Ursinus College)
Cresson (Mount Aloysius College)[9]
Dunmore (Pennsylvania State University)
Easton (Lafayette College)
East Stroudsburg (East Stroudsburg University of Pennsylvania)[9]
Edinboro (Edinboro University of Pennsylvania)[9]
Erie (Gannon University, Mercyhurst College, Penn State Erie, Lake Erie College of Osteopathic Medicine)
Gettysburg (Gettysburg College)[9]
Grantham (Messiah College)
Greensburg (Seton Hill University, University of Pittsburgh at Greensburg, Lake Erie College of Osteopathic Medicine branch campus)
Grove City (Grove City College)[9]
Harrisburg (Temple University Harrisburg Campus, Widener University Harrisburg Campus including its School of Law, Harrisburg University of Science and Technology, Messiah College's Harrisburg Institute, Penn State Harrisburg Eastgate Center, Dixon University Center, Harrisburg Area Community College)
Hershey (Penn State Hershey Medical Center)
Huntingdon (Juniata College)[9]
Indiana (Indiana University of Pennsylvania)[9]
Johnstown :
Richland Township (University of Pittsburgh at Johnstown)
Kennett Square (University of Pennsylvania School of Veterinary Medicine)
Kutztown (Kutztown University of Pennsylvania)[9]
Lancaster (Franklin & Marshall)
Lemoyne (Duquesne University (Capital Region Campus))
Lewisburg (Bucknell University)[13]
Lock Haven (Lock Haven University of Pennsylvania)[9]
Loretto (St. Francis University)[9]
Lower Merion Township (Bryn Mawr College, Harcum College, Rosemont College, St. Charles Borromeo Seminary)
Merion (Saint Joseph's University)
Mansfield (Mansfield University of Pennsylvania)[9]
Meadville (Allegheny College)
Mechanicsburg (Messiah College)
Mont Alto (Penn State Mont Alto)
Millersville (Millersville University of Pennsylvania)[9]
New Wilmington (Westminster College)[9]
North East (Mercyhurst North East)
Philadelphia :
Cecil B. Moore (Temple University, Girard College)
Center City (Temple University Center City Campus, Drexel University Center City Hahnemann Campus, Thomas Jefferson University)
Chestnut Hill (Chestnut Hill College)
East Falls (Drexel University Queen Lane Campus, Philadelphia University)
Germantown (La Salle University)
Logan (La Salle University (main campus))
Northeast Philadelphia (Holy Family University)
Overbrook (Saint Joseph's University Overbrook campus)
Rittenhouse Square (University of the Arts, Peirce College)
University City (University of Pennsylvania, Drexel University, University of the Sciences in Philadelphia, Community College of Philadelphia, Lincoln University, The Restaurant School at Walnut Hill College, Philadelphia Divinity School, Philadelphia College of Osteopathy)
Pittsburgh:[48]
Central Northside (Community College of Allegheny County)
Downtown Pittsburgh (Point Park University, The Art Institute of Pittsburgh)
East Liberty (Pittsburgh Institute of Mortuary Science)
Oakland (Carnegie Mellon University, University of Pittsburgh, Carlow University)
Squirrel Hill (Chatham University)
Uptown neighborhood (Duquesne University)
Reading (Albright College, Alvernia University, Penn State Berks)
Scranton (University of Scranton, The Commonwealth Medical College, Johnson College, Lackawanna College, Marywood University, Fortis Institute)
Selinsgrove (Susquehanna University)[9]
Shippensburg (Shippensburg University of Pennsylvania)[9]
Slippery Rock (Slippery Rock University of Pennsylvania)[9]
State College (Pennsylvania State University - flagship campus)[49]
Summerdale (Central Pennsylvania College)
Swarthmore (Swarthmore College)
Upper Dublin Township (Temple University Ambler and Fort Washington campuses, DeVry University Fort Washington campus and Gwynedd Mercy College Fort Washington campus)
Villanova (Villanova University)
Waynesburg (Waynesburg University)
West Chester (West Chester University of Pennsylvania)
Wilkes-Barre (King's College, Wilkes University)
Williamsport (Lycoming College, Pennsylvania College of Technology)[9]
Rhode Island[edit]
Bristol (Roger Williams University)[31]
Kingston (University of Rhode Island)[9]
Newport (Salve Regina University)
Providence :
College Hill (Brown University - main campus, Rhode Island School of Design)
Downtown (University of Rhode Island - Feinstein Providence Campus, Roger Williams University)[50]
Elmhurst (Providence College)
Jewelry District (Brown University - Alpert Medical School, Johnson and Wales University)
Lower South Providence (Community College of Rhode Island)
Manton (Rhode Island College)
Smithfield (Bryant University)
Warwick (Community College of Rhode Island)
South Carolina[edit]
Beaufort (University of South Carolina Beaufort)[10]
Central (Southern Wesleyan University)[9]
Charleston (College of Charleston, The Citadel, MUSC, Charleston School of Law)
Clemson (Clemson University)[9]
Clinton (Presbyterian College)
Columbia (University of South Carolina)[32]
Due West (Erskine College)
Florence (Francis Marion University)
Greenwood (Lander University)
North Charleston (Charleston Southern University, Trident Technical College - Main Campus)
Orangeburg (South Carolina State University, Claflin University)[9]
Rock Hill (Winthrop University)
Spartanburg (Wofford College, Converse College, University of South Carolina Upstate, Spartanburg Methodist College, Edward Via College of Osteopathic Medicine, Spartanburg Community College, Virginia College, Sherman College of Chiropractic)
South Dakota[edit]
Aberdeen
Brookings (South Dakota State University)[9]
Madison (Dakota State University)
Sioux Falls (University of Sioux Falls, Augustana University, Sioux Falls Seminary, Kilian Community College, Southeast Technical Institute, National American University, South Dakota School for the Deaf, Globe University/Minnesota School of Business, University of South Dakota's Sanford School of Medicine (Sioux Falls campus), Stewart School, South Dakota Public Universities and Research Center (USDSU))
Spearfish (Black Hills State University)
Vermillion (University of South Dakota)[13][10]
Tennessee[edit]
Chattanooga (University of Tennessee at Chattanooga)
Clarksville (Austin Peay State University, Miller-Motte Technical College, Nashville State Community College, Daymar Institute, North Tennessee Bible Institute)
Collegedale (Southern Adventist University)
Cookeville (Tennessee Technological University)[9]
Harrogate (Lincoln Memorial University)[9]
Henderson (Freed-Hardeman University)[9]
Johnson City (East Tennessee State University)
Knoxville (University of Tennessee, Duncan School of Law (Lincoln Memorial Univ.))
Lebanon (Cumberland University)
Martin (University of Tennessee at Martin)[9]
Memphis (Baptist College of Health Sciences, Christian Brothers University, LeMoyne-Owen College, Memphis College of Art, Rhodes College, Southern College of Optometry, Southwest Tennessee Community College, Union University - Germantown campus, University of Memphis, University of Tennessee Health Science Center
McKenzie (Bethel University)[9]
Memphis (Christian Brothers University, LeMoyne-Owen College, Memphis College of Art, Rhodes College, Southern College of Optometry, Southwest Tennessee Community College, University of Memphis, University of Tennessee Health Science Center, Visible Music College)
Murfreesboro (Middle Tennessee State University)[9]
Nashville (Vanderbilt University, Belmont University, Tennessee State University, Lipscomb University, Fisk University, Aquinas College, Trevecca Nazarene University, Meharry Medical College, Nashville School of Law)
Sewanee (Sewanee: the University of the South)[9]
Texas[edit]
Abilene (Abilene Christian University, Hardin-Simmons University, McMurry University)
Alpine (Sul Ross State University)[9]
Amarillo (Wayland Baptist University branch campus, Texas Tech University Health Sciences Center at Amarillo School of Pharmacy, Texas Tech University at Amarillo, West Texas A&M University satellite campus)
Arlington (University of Texas at Arlington)
Austin (University of Texas at Austin, St. Edwards University, Huston-Tillotson University)[9]
Beaumont (Lamar University)
Big Spring (Howard College)
Brownsville (The University of Texas Rio Grande Valley)
Bryan (Blinn College – Bryan Campus, Texas A&M Health Science Center)
Canyon (West Texas A&M University)[9]
Carrollton
College Station (Texas A&M University)[13]
Commerce (Texas A&M University–Commerce)[9]
Corpus Christi (Texas A&M University-Corpus Christi, Del Mar College, Saint Leo University-Corpus Christi)
Dallas (University of Texas Southwestern Medical Center)
Denton (University of North Texas, Texas Woman's University, Texas A&M University Baylor College of Dentistry)[9]
Edinburg (University of Texas Rio Grande Valley)
El Paso (University of Texas at El Paso)
Fort Worth (Texas Christian University, Texas Wesleyan University, Texas A&M School of Law)
Galveston (Texas A&M University at Galveston)
Georgetown (Southwestern University)
Garland (Amberton University)
Grand Prairie
Houston (University of Houston, University of Houston–Clear Lake, University of Houston–Downtown, Texas Southern University, University of St. Thomas, Rice University, Houston Baptist University)[51]
Huntsville (Sam Houston State University)[9]
Irving (University of Dallas, North Lake College)
Keene (Southwestern Adventist University)[9]
Killeen (Central Texas College, Texas A&M University-Central Texas)
Kingsville (Texas A&M University–Kingsville)[9]
Laredo (Texas A&M International University, University of Texas Health Science Center at San Antonio - Laredo campus)
Lubbock (Texas Tech University, Lubbock Christian University)
McAllen (University of Texas Rio Grande Valley)
McKinney
Mesquite (Texas A&M University–Commerce Mesquite Metroplex Center, Columbia College-Mesquite Campus)
Nacogdoches (Stephen F. Austin State University)[9]
Odessa (The University of Texas of the Permian Basin)
Pasadena (University of Houston–Clear Lake)
Pearland (University of Houston–Clear Lake satellite campus)
Plainview (Wayland Baptist University)[9]
Plano (Southern Methodist University branch campus, Dallas Baptist University satellite campus)
Prairie View (Prairie View A&M University)[9]
Richardson (University of Texas at Dallas main campus)
San Angelo (Angelo State University)
San Antonio (University of Texas at San Antonio, Texas A&M University–San Antonio, Trinity University, University of the Incarnate Word)
San Marcos (Texas State University)[13]
Stephenville (Tarleton State University)[9]
Texarkana (Texas A&M University–Texarkana)
Tyler (The University of Texas at Tyler)
University Park (Southern Methodist University)
Waco (Baylor University)
Wichita Falls (Midwestern State University)
Utah[edit]
Cedar City (Southern Utah University)[9]
Ephraim (Snow College)
Logan (Utah State University)[9]
Orem (Utah Valley University)
Provo (Brigham Young University)[13]
Salt Lake City (University of Utah)
South Jordan (Roseman University of Health Sciences College of Dental Medicine)
Vermont[edit]
Burlington (University of Vermont, Champlain College and Saint Michael's College)[9]
Castleton (Castleton State College)[9]
Johnson (Johnson State College)[9]
Lyndonville (Lyndon State College)[9]
Middlebury (Middlebury College)[9]
Northfield (Norwich University)[9]
Virginia[edit]
Alexandria (Virginia Commonwealth University branch of its School of Social Work, The George Washington University)
Arlington (Marymount University, George Mason University)
Blacksburg (Virginia Tech)[13]
Bridgewater (Bridgewater College)[9]
Charlottesville (University of Virginia)[52]
Chesapeake (Averett University, DeVry University, Troy University, Tidewater Community College, Strayer University, Everest University, Sentera College of Health Sciences, St Leo University)[9]
Farmville (Longwood University, Hampden-Sydney College)[9]
Fredericksburg (University of Mary Washington)[9]
Hampton (Hampton University, Bryant and Stratton College)
Harrisonburg (James Madison University, Eastern Mennonite University)[9]
Lexington (Washington and Lee University, Virginia Military Institute)[9]
Lynchburg (Lynchburg College, Randolph College, Liberty University, Central Virginia Community College)
Newport News (Christopher Newport University)
Norfolk (Old Dominion University, Norfolk State University)
Portsmouth (Old Dominion University)
Radford (Radford University)[9]
Richmond (University of Richmond, Virginia Commonwealth University)
Virginia Beach (Regent University, Atlantic University, Virginia Wesleyan College, University of Virginia and Virginia Tech satellite campuses, ECPI University)
Williamsburg (College of William & Mary)[9]
Wise (University of Virginia's College at Wise)[9]
Washington[edit]
Bellevue (Bellevue College, City University of Seattle)
Bellingham (Western Washington University)
Cheney (Eastern Washington University)[9]
Ellensburg (Central Washington University)[13]
Kent
Lakewood (Clover Park Technical College and Pierce College)
Parkland (Pacific Lutheran University)
Pullman (Washington State University)[13]
Richland (Washington State University Tri-Cities)
Seattle (University of Washington, Seattle University, Seattle Pacific University)[13][53]
Spokane (Gonzaga University, Whitworth University, EWU Spokane at the Riverpoint Campus, WSU Spokane)
Tacoma (University of Puget Sound, Tacoma Community College, City University of Seattle-Tacoma, Bates Technical College, The Evergreen State College Tacoma Campus, University of Washington Tacoma)
Vancouver (Washington State University Vancouver)
West Virginia[edit]
Athens (Concord University)[9]
Beckley (West Virginia University Institute of Technology)
Buckhannon (West Virginia Wesleyan College)[9]
Charleston (branch campus of West Virginia University)
Elkins (Davis & Elkins College)
Fairmont (Fairmont State University)[9]
Glenville (Glenville State College)[9]
Huntington (Marshall University)[9]
Institute (West Virginia State University)
Lewisburg (West Virginia School of Osteopathic Medicine, University of Charleston)
Montgomery (West Virginia University Institute of Technology)[9]
Morgantown (West Virginia University)[9]
Shepherdstown (Shepherd University)[9]
South Charleston (Marshall University – South Charleston Campus)
West Liberty (West Liberty University)[9]
Wisconsin[edit]
Appleton (Lawrence University)
Eau Claire (University of Wisconsin–Eau Claire)
Green Bay (University of Wisconsin-Green Bay)
Kenosha (University of Wisconsin-Parkside, Carthage College, Kenosha campus of Gateway Technical College, National-Louis University, Herzing University)
La Crosse (University of Wisconsin–La Crosse, Western Technical College, Viterbo University)[9]
Madison (University of Wisconsin–Madison)[9]
Menomonie (University of Wisconsin–Stout)[9]
Milwaukee (Marquette University, University of Wisconsin–Milwaukee, Cardinal Stritch University, Concordia University Wisconsin)
Oshkosh (University of Wisconsin–Oshkosh)
Platteville (University of Wisconsin–Platteville)[9]
River Falls (University of Wisconsin–River Falls)[9]
Stevens Point (University of Wisconsin–Stevens Point)[9]
Waukesha (Carroll University)
Whitewater (University of Wisconsin–Whitewater)[9]
Wyoming[edit]
Laramie (University of Wyoming)[13]